{
  "generated_at": "2026-02-25T01:10:29.926793",
  "decode_mode": "log",
  "rain_max": 50.0,
  "bins": [
    "NoRain",
    "Drizzle",
    "Light",
    "Moderate",
    "Heavy",
    "Torrential",
    "Extreme"
  ],
  "train": {
    "record_count": 21850,
    "hour_hist": [
      910,
      910,
      910,
      910,
      910,
      910,
      910,
      910,
      910,
      910,
      910,
      910,
      910,
      910,
      910,
      910,
      910,
      910,
      910,
      910,
      910,
      910,
      910,
      920
    ],
    "pixel_bins": {
      "T+1h": {
        "NoRain": 88482250,
        "Drizzle": 11165770,
        "Light": 1013690,
        "Moderate": 214710,
        "Heavy": 46890,
        "Torrential": 23690,
        "Extreme": 0
      },
      "T+2h": {
        "NoRain": 88458900,
        "Drizzle": 11181930,
        "Light": 1019080,
        "Moderate": 215930,
        "Heavy": 47240,
        "Torrential": 23920,
        "Extreme": 0
      },
      "T+3h": {
        "NoRain": 88457270,
        "Drizzle": 11188520,
        "Light": 1020880,
        "Moderate": 216580,
        "Heavy": 47010,
        "Torrential": 16740,
        "Extreme": 0
      }
    },
    "sample_event_bins": {
      "NoRain": 5560,
      "Drizzle": 7580,
      "Light": 4120,
      "Moderate": 1870,
      "Heavy": 1890,
      "Torrential": 830,
      "Extreme": 0
    },
    "sample_max_rain_stats": {
      "mean": 5.540453825734726,
      "p50": 1.1287336917217852,
      "p90": 19.534556871701085,
      "p99": 43.39182471955449,
      "max": 50.0
    },
    "ratios": {
      "pixel_bins": {
        "T+1h": {
          "NoRain": 0.8765218381923188,
          "Drizzle": 0.11061022120518688,
          "Light": 0.01004180411503066,
          "Moderate": 0.0021269577104817377,
          "Heavy": 0.0004645011738833249,
          "Torrential": 0.00023467760309865574,
          "Extreme": 0.0
        },
        "T+2h": {
          "NoRain": 0.8762905286932747,
          "Drizzle": 0.11077030520966448,
          "Light": 0.010095198470484512,
          "Moderate": 0.0021390432603247246,
          "Heavy": 0.00046796833982188675,
          "Torrential": 0.00023695602642971063,
          "Extreme": 0.0
        },
        "T+3h": {
          "NoRain": 0.8762743816061894,
          "Drizzle": 0.1108355869911934,
          "Light": 0.010113029609597115,
          "Moderate": 0.002145482282782054,
          "Heavy": 0.00046568991649083183,
          "Torrential": 0.00016582959374721387,
          "Extreme": 0.0
        }
      },
      "sample_event_bins": {
        "NoRain": 0.25446224256292904,
        "Drizzle": 0.3469107551487414,
        "Light": 0.188558352402746,
        "Moderate": 0.08558352402745996,
        "Heavy": 0.08649885583524028,
        "Torrential": 0.037986270022883295,
        "Extreme": 0.0
      }
    }
  },
  "val": {
    "record_count": 5040,
    "hour_hist": [
      210,
      210,
      210,
      210,
      210,
      210,
      210,
      210,
      210,
      210,
      210,
      210,
      210,
      210,
      210,
      210,
      210,
      210,
      210,
      210,
      210,
      210,
      210,
      210
    ],
    "pixel_bins": {
      "T+1h": {
        "NoRain": 19923680,
        "Drizzle": 2863290,
        "Light": 359300,
        "Moderate": 94770,
        "Heavy": 23490,
        "Torrential": 20270,
        "Extreme": 0
      },
      "T+2h": {
        "NoRain": 19931640,
        "Drizzle": 2858200,
        "Light": 358120,
        "Moderate": 93660,
        "Heavy": 23140,
        "Torrential": 20040,
        "Extreme": 0
      },
      "T+3h": {
        "NoRain": 19941050,
        "Drizzle": 2849840,
        "Light": 357860,
        "Moderate": 93120,
        "Heavy": 22890,
        "Torrential": 20040,
        "Extreme": 0
      }
    },
    "sample_event_bins": {
      "NoRain": 520,
      "Drizzle": 1460,
      "Light": 690,
      "Moderate": 780,
      "Heavy": 1070,
      "Torrential": 520,
      "Extreme": 0
    },
    "sample_max_rain_stats": {
      "mean": 11.267096868392585,
      "p50": 6.422086680028648,
      "p90": 30.621555232732113,
      "p99": 50.0,
      "max": 50.0
    },
    "ratios": {
      "pixel_bins": {
        "T+1h": {
          "NoRain": 0.8556517556517557,
          "Drizzle": 0.12296820243248814,
          "Light": 0.015430667216381502,
          "Moderate": 0.0040700371057513915,
          "Heavy": 0.001008812615955473,
          "Torrential": 0.0008705249776678348,
          "Extreme": 0.0
        },
        "T+2h": {
          "NoRain": 0.8559936095650381,
          "Drizzle": 0.12274960489246203,
          "Light": 0.01537999037999038,
          "Moderate": 0.004022366522366523,
          "Heavy": 0.000993781350924208,
          "Torrential": 0.0008606472892187177,
          "Extreme": 0.0
        },
        "T+3h": {
          "NoRain": 0.8563977358620216,
          "Drizzle": 0.1223905723905724,
          "Light": 0.015368824297395726,
          "Moderate": 0.003999175427746856,
          "Heavy": 0.000983044733044733,
          "Torrential": 0.0008606472892187177,
          "Extreme": 0.0
        }
      },
      "sample_event_bins": {
        "NoRain": 0.10317460317460317,
        "Drizzle": 0.2896825396825397,
        "Light": 0.13690476190476192,
        "Moderate": 0.15476190476190477,
        "Heavy": 0.2123015873015873,
        "Torrential": 0.10317460317460317,
        "Extreme": 0.0
      }
    }
  },
  "test": {
    "record_count": 2611,
    "hour_hist": [
      110,
      110,
      110,
      110,
      110,
      110,
      110,
      110,
      110,
      110,
      110,
      110,
      110,
      110,
      110,
      110,
      110,
      110,
      110,
      110,
      110,
      101,
      100,
      100
    ],
    "pixel_bins": {
      "T+1h": {
        "NoRain": 9909400,
        "Drizzle": 1999330,
        "Light": 137360,
        "Moderate": 14590,
        "Heavy": 2130,
        "Torrential": 10,
        "Extreme": 0
      },
      "T+2h": {
        "NoRain": 9921247,
        "Drizzle": 1991803,
        "Light": 133150,
        "Moderate": 14480,
        "Heavy": 2130,
        "Torrential": 10,
        "Extreme": 0
      },
      "T+3h": {
        "NoRain": 9935150,
        "Drizzle": 1981330,
        "Light": 130140,
        "Moderate": 14060,
        "Heavy": 2130,
        "Torrential": 10,
        "Extreme": 0
      }
    },
    "sample_event_bins": {
      "NoRain": 140,
      "Drizzle": 551,
      "Light": 770,
      "Moderate": 820,
      "Heavy": 300,
      "Torrential": 30,
      "Extreme": 0
    },
    "sample_max_rain_stats": {
      "mean": 8.19444336451104,
      "p50": 6.773472772211656,
      "p90": 18.01093903828082,
      "p99": 30.137724562856576,
      "max": 30.137724562856576
    },
    "ratios": {
      "pixel_bins": {
        "T+1h": {
          "NoRain": 0.8214828705062333,
          "Drizzle": 0.16574316784964047,
          "Light": 0.011387055431482855,
          "Moderate": 0.0012095015924966136,
          "Heavy": 0.00017657562659477636,
          "Torrential": 8.289935520881518e-07,
          "Extreme": 0.0
        },
        "T+2h": {
          "NoRain": 0.822464979167392,
          "Drizzle": 0.1651191844029837,
          "Light": 0.011038049146053741,
          "Moderate": 0.001200382663423644,
          "Heavy": 0.00017657562659477636,
          "Torrential": 8.289935520881518e-07,
          "Extreme": 0.0
        },
        "T+3h": {
          "NoRain": 0.8236175289028602,
          "Drizzle": 0.1642509794558818,
          "Light": 0.010788522086875208,
          "Moderate": 0.0011655649342359414,
          "Heavy": 0.00017657562659477636,
          "Torrential": 8.289935520881518e-07,
          "Extreme": 0.0
        }
      },
      "sample_event_bins": {
        "NoRain": 0.05361930294906166,
        "Drizzle": 0.2110302566066641,
        "Light": 0.2949061662198391,
        "Moderate": 0.31405591727307547,